Sale_ID,SaleDate,Artist,ArtworkType,Title,Price_GBP,Quantity,Total_GBP,PaymentMethod,BuyerType,AgeGroup
10359,2024-01-01,Jeff Rowland,Original,Coastal Pulse,5407.5,1,5407.5,Cash,New,35-44
10005,2024-01-02,Andrei Protsouk,Print,Sunset Spaces,498.4,2,996.8,CC,New,35-44
10151,2024-01-02,Rozanne Bell,Print,Floral Pulse,1133.83,1,1133.83,CC,New,35-44
10129,2024-01-04,Mackenzie Thorpe,Original,Sunset Harmony,3090.73,1,3090.73,CC,New,45-54
10236,2024-01-04,Rozanne Bell,Print,Sunset Flow,587.39,1,587.39,CC,New,45-54
10105,2024-01-05,Linda Charles,Print,Sunset Horizon,969.21,1,969.21,CC,Repeat,35-44
10191,2024-01-05,Linda Charles,Original,Liminal in Blue,4221.06,1,4221.06,Cash,Repeat,35-44
10171,2024-01-06,Craig Alan,Print,Coastal Echo,1324.38,1,1324.38,CC,Repeat,25-34
10050,2024-01-08,Amber Tyldesley,Print,Liminal Harmony,1496.58,1,1496.58,CC,New,35-44
10390,2024-01-10,Alexander Weaver,Print,Equilibrium in Blue,1354.06,1,1354.06,CC,New,25-34
10069,2024-01-11,Rozanne Bell,Original,Equilibrium Spaces,3581.35,1,3581.35,CC,New,25-34
10256,2024-01-13,Doug Hyde,Original,Coastal Spaces,0.0,1,0.0,Cash,New,55+
10391,2024-01-14,Rozanne Bell,Print,Urban in Blue,1325.77,1,1325.77,CC,Repeat,45-54
10341,2024-01-16,Nigel Cooke,Original,Sunset Spaces,4728.1,1,4728.1,Cash,New,18-24
10083,2024-01-17,Craig Alan,Original,Whispers Horizon,3337.1,1,3337.1,CC,New,45-54
10131,2024-01-17,Craig Alan,Original,Floral Memory,2660.63,1,2660.63,CC,Repeat,35-44
10361,2024-01-17,Andrei Protsouk,Print,Sunset Flow,1107.08,1,1107.08,CC,Repeat,55+
10259,2024-01-21,Fabian Perez,Original,Coastal Horizon,5703.16,1,5703.16,CC,Repeat,Unknown
10078,2024-01-23,Kimberley Harris,Print,Pulse Reflections,563.62,1,563.62,CC,Repeat,25-34
10166,2024-01-23,Rozanne Bell,Print,Equilibrium Pulse,881.52,1,881.52,CC,New,45-54
10310,2024-01-24,Henderson Cisz,Print,Urban Pulse,694.64,1,694.64,CC,New,25-34
10339,2024-01-25,Jeff Rowland,Original,Geometric in Blue,3756.91,1,3756.91,CC,New,55+
10168,2024-01-26,Benoit Havard,Print,Pulse Pulse,699.78,1,699.78,CC,Repeat,25-34
10408,2024-01-26,Doug Hyde,Print,Coastal Harmony,1544.94,1,1544.94,CC,New,55+
10013,2024-01-27,Henderson Cisz,Print,Urban Dream,677.19,2,1354.38,Bank Transfer,New,45-54
10277,2024-01-28,Benoit Havard,Original,Urban Flow,3601.72,1,3601.72,CC,New,25-34
10316,2024-01-29,Fabian Perez,Print,Geometric in Blue,1261.16,1,1261.16,Cash,Repeat,25-34
10072,2024-01-30,Doug Hyde,Original,Equilibrium Pulse,4879.57,1,4879.57,CC,New,55+
10086,2024-01-30,Fabian Perez,Print,Liminal Reflections,975.61,1,975.61,CC,Repeat,35-44
10163,2024-01-30,Alexander Weaver,Sculpture (small),Whispers Spaces,2312.48,1,2312.48,CC,New,45-54
10346,2024-01-30,Jeff Rowland,Sculpture (small),Floral Memory,3814.16,1,3814.16,Cash,New,Unknown
10187,2024-01-31,Mackenzie Thorpe,Print,Pulse Echo,894.69,1,894.69,CC,Repeat,25-34
10238,2024-01-31,Fabian Perez,Print,Liminal Reflections,977.69,2,1955.38,CC,Repeat,45-54
10153,2024-02-01,Craig Alan,Print,Geometric Pulse,1143.53,1,1143.53,CC,New,18-24
10241,2024-02-01,Jeff Rowland,Print,Coastal Echo,1261.86,1,1261.86,Bank Transfer,New,18-24
10115,2024-02-02,Linda Charles,Original,Equilibrium Memory,4486.93,1,4486.93,CC,New,18-24
10332,2024-02-02,Rozanne Bell,Print,Geometric Horizon,1077.42,2,2154.84,CC,New,Unknown
10181,2024-02-03,Linda Charles,Print,Liminal Horizon,1220.28,1,1220.28,CC,New,25-34
10089,2024-02-04,Fabian Perez,Original,Coastal Dream,3545.56,1,3545.56,CC,New,25-34
10199,2024-02-04,Craig Alan,Original,Floral in Blue,4473.73,1,4473.73,CC,Repeat,25-34
10009,2024-02-05,Craig Alan,Original,Abstract Spaces,4084.42,1,4084.42,CC,New,55+
10024,2024-02-05,Benoit Havard,Print,Urban Reflections,747.53,1,747.53,CC,New,25-34
10214,2024-02-05,Alison Johnson,Print,Urban Horizon,724.2,1,724.2,CC,New,18-24
10298,2024-02-05,Linda Charles,Original,Urban Pulse,4233.86,-1,4233.86,Cash,New,Unknown
10028,2024-02-06,Amber Tyldesley,Original,Coastal in Blue,2292.62,1,2292.62,CC,New,55+
10138,2024-02-06,Jeff Rowland,Print,Sunset Memory,1025.38,1,1025.38,CC,New,Unknown
10179,2024-02-06,Fabian Perez,Print,Urban Echo,1412.57,2,2825.14,CC,New,18-24
10051,2024-02-07,Jeff Rowland,Original,Equilibrium Pulse,4858.82,1,4858.82,CC,Repeat,55+
10334,2024-02-07,Mackenzie Thorpe,Original,Sunset Reflections,4253.68,1,4253.68,CC,New,45-54
10302,2024-02-08,Craig Alan,Print,Equilibrium Horizon,663.55,2,1327.1,Cash,Repeat,25-34
10062,2024-02-10,Doug Hyde,Print,Urban Pulse,1501.76,1,1501.76,CC,New,55+
10123,2024-02-10,Fabian Perez,Original,Equilibrium Reflections,6169.1,1,6169.1,CC,New,25-34
10178,2024-02-10,Amber Tyldesley,Print,Floral Dream,556.07,1,556.07,CC,Repeat,35-44
10147,2024-02-11,Linda Charles,Print,Geometric Dream,964.25,1,964.25,CC,New,25-34
10320,2024-02-11,Mackenzie Thorpe,Print,Urban Harmony,1355.47,2,2710.94,Cash,Repeat,55+
10254,2024-02-13,Alexander Weaver,Print,Floral Harmony,1172.74,2,2345.48,CC,Repeat,25-34
10120,2024-02-14,Craig Alan,Print,Floral Pulse,1337.09,1,1337.09,CC,New,Unknown
10243,2024-02-16,Nigel Cooke,Print,Geometric in Blue,857.39,1,857.39,CC,Repeat,18-24
10046,2024-02-17,Alexander Weaver,Sculpture (small),Coastal Pulse,3923.56,1,3923.56,CC,New,45-54
10175,2024-02-17,Alexander Weaver,Sculpture (small),Whispers in Blue,1987.02,1,1987.02,Bank Transfer,New,45-54
10282,2024-02-17,Fabian Perez,Print,Pulse Dream,669.78,1,669.78,CC,New,25-34
10296,2024-02-17,Craig Alan,Original,Urban Memory,3747.91,1,3747.91,CC,New,Unknown
10118,2024-02-18,Rozanne Bell,Print,Floral Dream,493.57,2,987.14,CC,New,35-44
10004,2024-02-19,Henderson Cisz,Original,Sunset Spaces,3698.19,1,3698.19,Cash,Repeat,18-24
10279,2024-02-19,Alison Johnson,Original,Sunset Memory,2435.49,1,2435.49,CC,New,35-44
10056,2024-02-20,Kimberley Harris,Print,Abstract in Blue,1415.47,1,1415.47,CC,New,35-44
10383,2024-02-20,Rozanne Bell,Original,Sunset Echo,5535.11,1,5535.11,CC,Repeat,25-34
10090,2024-02-21,Mackenzie Thorpe,Print,Sunset Dream,684.31,2,1368.62,Cash,New,18-24
10195,2024-02-21,Amber Tyldesley,Print,Whispers Horizon,520.44,1,520.44,Cash,New,25-34
10152,2024-02-22,Doug Hyde,Original,Abstract Reflections,3226.85,1,3226.85,Cash,New,55+
10216,2024-02-22,Fabian Perez,Print,Geometric Dream,1093.79,1,1093.79,CC,New,45-54
10314,2024-02-23,Doug Hyde,Print,Coastal Harmony,930.05,1,930.05,CC,New,45-54
10127,2024-02-24,Amber Tyldesley,Print,Abstract Echo,666.45,1,666.45,CC,New,45-54
10305,2024-02-24,Alison Johnson,Original,Liminal Echo,5528.44,1,5528.44,CC,New,35-44
10213,2024-02-25,Henderson Cisz,Print,Abstract Flow,588.47,1,588.47,Cash,Repeat,35-44
10415,2024-02-26,Andrei Protsouk,Print,Sunset Reflections,1417.66,1,1417.66,CC,New,Unknown
10222,2024-02-27,Amber Tyldesley,Original,Sunset Pulse,4884.36,1,4884.36,CC,New,45-54
10393,2024-02-27,Nigel Cooke,Original,Floral Dream,5136.66,1,5136.66,Cash,New,18-24
10303,2024-02-28,Fabian Perez,Print,Liminal Pulse,797.72,1,797.72,CC,Repeat,25-34
10055,2024-02-29,Alison Johnson,Original,Sunset Horizon,2712.26,1,2712.26,CC,New,35-44
10140,2024-03-02,Fabian Perez,Print,Liminal Spaces,983.65,1,983.65,Bank Transfer,Repeat,25-34
10205,2024-03-02,Craig Alan,Print,Pulse in Blue,1153.95,1,1153.95,CC,Repeat,25-34
10022,2024-03-04,Henderson Cisz,Print,Coastal Pulse,1535.23,1,1535.23,Cash,Repeat,25-34
10261,2024-03-05,Alison Johnson,Original,Whispers Dream,3775.6,1,3775.6,CC,New,25-34
10325,2024-03-06,Fabian Perez,Print,Equilibrium Pulse,1338.81,1,1338.81,CC,New,55+
10080,2024-03-08,Andrei Protsouk,Original,Urban in Blue,4558.93,1,4558.93,CC,Repeat,45-54
10165,2024-03-08,Andrei Protsouk,Print,Coastal Dream,1344.45,1,1344.45,Cash,New,55+
10367,2024-03-08,Benoit Havard,Print,Sunset Flow,1110.01,2,2220.02,Cash,New,35-44
10270,2024-03-09,Andrei Protsouk,Original,Pulse Horizon,3504.62,1,3504.62,CC,New,18-24
10221,2024-03-11,Rozanne Bell,Print,Equilibrium Memory,1227.51,1,1227.51,Bank Transfer,New,45-54
10122,2024-03-12,Rozanne Bell,Original,Floral Memory,4328.03,1,4328.03,Cash,New,35-44
10144,2024-03-12,Craig Alan,Print,Liminal Reflections,1405.77,-1,1405.77,CC,New,45-54
10242,2024-03-12,Jeff Rowland,Original,Coastal Spaces,2045.99,1,2045.99,CC,New,25-34
10357,2024-03-14,Fabian Perez,Sculpture (small),Geometric Harmony,3125.22,1,3125.22,CC,New,35-44
10071,2024-03-19,Doug Hyde,Print,Pulse Dream,1349.55,1,1349.55,Cash,New,35-44
10336,2024-03-19,Benoit Havard,Print,Liminal in Blue,1316.0,1,1316.0,CC,New,35-44
10150,2024-03-20,Amber Tyldesley,Print,Whispers Memory,1196.14,1,1196.14,CC,New,45-54
10190,2024-03-20,Jeff Rowland,Print,Urban Memory,1120.47,2,2240.94,CC,Repeat,25-34
10265,2024-03-20,Kimberley Harris,Print,Floral Memory,1254.14,2,2508.28,CC,Repeat,35-44
10002,2024-03-21,Doug Hyde,Original,Urban in Blue,2016.86,1,2016.86,CC,Repeat,45-54
10203,2024-03-21,Craig Alan,Original,Floral Pulse,4774.95,1,4774.95,CC,New,35-44
10330,2024-03-21,Andrei Protsouk,Original,Abstract Memory,4384.03,1,4384.03,CC,Repeat,25-34
10146,2024-03-22,Linda Charles,Print,Abstract Dream,1428.42,1,1428.42,CC,New,35-44
10161,2024-03-22,Craig Alan,Print,Sunset Horizon,1544.54,1,1544.54,Cash,New,25-34
10331,2024-03-23,Craig Alan,Original,Urban Spaces,3088.53,1,3088.53,Cash,New,35-44
10377,2024-03-24,Andrei Protsouk,Print,Sunset in Blue,1201.49,1,1201.49,Bank Transfer,New,Unknown
10397,2024-03-24,Andrei Protsouk,Print,Abstract Pulse,1016.85,1,1016.85,CC,New,35-44
10012,2024-03-25,Alexander Weaver,Original,Floral Flow,5943.78,1,5943.78,CC,New,25-34
10017,2024-03-25,Benoit Havard,Original,Equilibrium in Blue,4584.07,1,4584.07,CC,New,35-44
10201,2024-03-26,Amber Tyldesley,Original,Floral Harmony,2414.82,1,2414.82,CC,New,45-54
10087,2024-03-28,Fabian Perez,Print,Whispers Harmony,730.95,1,730.95,CC,New,25-34
10006,2024-04-01,Benoit Havard,Print,Floral Flow,1274.41,1,1274.41,CC,New,35-44
10402,2024-04-03,Nigel Cooke,Print,Geometric Horizon,1549.37,1,1549.37,CC,New,25-34
10014,2024-04-05,Linda Charles,Print,Geometric Echo,1489.85,2,2979.7,Cash,New,45-54
10142,2024-04-07,Rozanne Bell,Print,Pulse in Blue,487.44,1,487.44,CC,New,Unknown
10288,2024-04-07,Alexander Weaver,Print,Whispers Dream,824.5,1,824.5,CC,Repeat,45-54
10343,2024-04-07,Rozanne Bell,Original,Abstract Memory,5667.94,1,5667.94,Bank Transfer,New,Unknown
10030,2024-04-08,Andrei Protsouk,Print,Liminal Dream,1194.88,1,1194.88,Bank Transfer,New,25-34
10196,2024-04-08,Jeff Rowland,Print,Equilibrium Spaces,1545.27,2,3090.54,CC,New,35-44
10060,2024-04-11,Andrei Protsouk,Print,Equilibrium Reflections,1382.76,1,1382.76,CC,New,25-34
10321,2024-04-11,Doug Hyde,Original,Whispers Echo,2887.25,1,2887.25,CC,New,35-44
10306,2024-04-12,Doug Hyde,Original,Abstract Spaces,4582.49,1,4582.49,CC,Repeat,35-44
10253,2024-04-14,Henderson Cisz,Print,Sunset Reflections,1357.53,1,1357.53,CC,Repeat,45-54
10404,2024-04-14,Andrei Protsouk,Sculpture (small),Whispers Dream,3352.41,1,3352.41,CC,Repeat,35-44
10019,2024-04-17,Kimberley Harris,Original,Abstract Reflections,3456.37,1,3456.37,Cash,New,25-34
10059,2024-04-17,Rozanne Bell,Print,Equilibrium Harmony,638.61,1,638.61,CC,Repeat,35-44
10066,2024-04-18,Alexander Weaver,Print,Whispers Memory,1414.39,2,2828.78,CC,New,45-54
10304,2024-04-18,Henderson Cisz,Print,Equilibrium Flow,685.81,1,685.81,Bank Transfer,Repeat,45-54
10389,2024-04-18,Amber Tyldesley,Print,Floral Pulse,563.07,1,563.07,CC,New,Unknown
10052,2024-04-19,Alexander Weaver,Original,Geometric Pulse,3141.59,1,3141.59,CC,Repeat,35-44
10337,2024-04-19,Jeff Rowland,Print,Pulse Spaces,965.5,1,965.5,CC,New,25-34
10338,2024-04-19,Amber Tyldesley,Original,Sunset Spaces,2878.8,1,2878.8,Cash,Repeat,45-54
10405,2024-04-20,Jeff Rowland,Print,Abstract in Blue,1415.12,1,1415.12,CC,Repeat,25-34
10143,2024-04-21,Jeff Rowland,Print,Abstract Pulse,915.26,1,915.26,CC,Repeat,45-54
10182,2024-04-21,Jeff Rowland,Print,Equilibrium Flow,633.1,1,633.1,CC,New,25-34
10018,2024-04-22,Andrei Protsouk,Print,Floral Pulse,757.66,2,1515.32,CC,New,Unknown
10026,2024-04-22,Fabian Perez,Print,Abstract in Blue,809.97,1,809.97,CC,New,55+
10250,2024-04-22,Doug Hyde,Print,Whispers in Blue,844.09,1,844.09,CC,Repeat,25-34
10323,2024-04-22,Alexander Weaver,Sculpture (small),Sunset Spaces,2029.56,1,2029.56,CC,Repeat,45-54
10170,2024-04-24,Craig Alan,Print,Pulse Dream,677.92,1,677.92,CC,New,25-34
10084,2024-04-25,Linda Charles,Sculpture (small),Coastal Harmony,3175.54,1,3175.54,CC,New,35-44
10395,2024-04-26,Rozanne Bell,Sculpture (small),Pulse Memory,3856.49,1,3856.49,CC,New,35-44
10091,2024-04-27,Henderson Cisz,Print,Whispers Flow,1124.46,1,1124.46,Cash,Repeat,18-24
10360,2024-04-27,Rozanne Bell,Original,Equilibrium Memory,5373.12,1,5373.12,CC,New,18-24
10038,2024-04-29,Craig Alan,Print,Coastal Reflections,1409.86,1,1409.86,Cash,New,55+
10045,2024-04-29,Amber Tyldesley,Print,Urban Horizon,732.74,1,732.74,CC,New,25-34
10155,2024-04-30,Kimberley Harris,Original,Abstract Horizon,3985.79,1,3985.79,CC,New,25-34
10130,2024-05-01,Kimberley Harris,Print,Floral Horizon,640.53,1,640.53,CC,Repeat,25-34
10232,2024-05-01,Alexander Weaver,Print,Urban Harmony,857.37,1,857.37,CC,New,35-44
10093,2024-05-02,Doug Hyde,Print,Sunset Pulse,1329.38,1,-450.75,Bank Transfer,New,45-54
10235,2024-05-02,Amber Tyldesley,Print,Equilibrium in Blue,863.13,1,863.13,Cash,Repeat,35-44
10400,2024-05-03,Rozanne Bell,Print,Coastal Memory,1411.88,1,1411.88,Cash,New,55+
10132,2024-05-04,Doug Hyde,Print,Coastal in Blue,783.56,1,783.56,CC,New,25-34
10297,2024-05-05,Rozanne Bell,Original,Pulse in Blue,4018.35,1,4018.35,CC,Repeat,25-34
10407,2024-05-05,Doug Hyde,Original,Coastal Dream,3640.29,1,3640.29,CC,New,35-44
10413,2024-05-05,Andrei Protsouk,Print,Liminal Spaces,1082.04,1,1082.04,Cash,New,45-54
10096,2024-05-06,Craig Alan,Original,Whispers Reflections,2262.4,1,2262.4,CC,New,25-34
10177,2024-05-06,Jeff Rowland,Original,Equilibrium Spaces,5482.95,1,5482.95,CC,New,35-44
10396,2024-05-06,Jeff Rowland,Print,Coastal Spaces,980.17,1,980.17,CC,Repeat,25-34
10116,2024-05-07,Benoit Havard,Print,Floral Horizon,1342.88,1,1342.88,CC,New,45-54
10411,2024-05-07,Henderson Cisz,Original,Liminal Pulse,3322.18,1,3322.18,CC,New,35-44
10073,2024-05-08,Henderson Cisz,Original,Coastal Horizon,2283.32,1,2283.32,CC,New,25-34
10169,2024-05-08,Kimberley Harris,Print,Coastal Dream,1576.99,1,1576.99,CC,New,35-44
10300,2024-05-13,Doug Hyde,Print,Equilibrium Harmony,1503.76,2,3007.52,CC,New,35-44
10167,2024-05-14,Doug Hyde,Original,Equilibrium Harmony,5911.29,1,5911.29,CC,New,25-34
10209,2024-05-14,Kimberley Harris,Original,Abstract Flow,6058.95,1,6058.95,Bank Transfer,New,Unknown
10098,2024-05-15,Mackenzie Thorpe,Sculpture (small),Pulse Horizon,2464.0,1,-450.75,Bank Transfer,New,25-34
10134,2024-05-15,Andrei Protsouk,Print,Equilibrium Flow,1340.93,1,1340.93,CC,Repeat,35-44
10220,2024-05-15,Jeff Rowland,Print,Equilibrium Flow,989.37,1,989.37,CC,New,35-44
10224,2024-05-15,Amber Tyldesley,Original,Abstract Harmony,6190.24,1,6190.24,Bank Transfer,New,35-44
10275,2024-05-15,Kimberley Harris,Print,Coastal Echo,1542.51,1,1542.51,CC,New,35-44
10398,2024-05-15,Fabian Perez,Print,Pulse Horizon,1120.15,1,1120.15,CC,New,35-44
10008,2024-05-16,Linda Charles,Print,Whispers in Blue,795.36,2,1590.72,CC,New,45-54
10295,2024-05-16,Craig Alan,Print,Whispers in Blue,1112.29,1,1112.29,CC,Repeat,25-34
10081,2024-05-17,Alison Johnson,Original,Equilibrium Pulse,4481.34,1,4481.34,Cash,New,18-24
10057,2024-05-18,Craig Alan,Print,Sunset Reflections,497.22,1,-450.75,Cash,Repeat,25-34
10164,2024-05-19,Fabian Perez,Original,Liminal Spaces,3141.28,1,3141.28,CC,Repeat,25-34
10106,2024-05-20,Andrei Protsouk,Print,Geometric Horizon,1317.48,1,1317.48,CC,Repeat,45-54
10373,2024-05-21,Kimberley Harris,Original,Geometric Horizon,5137.9,1,5137.9,CC,New,55+
10001,2024-05-22,Fabian Perez,Print,Coastal Harmony,1205.21,1,1205.21,CC,New,45-54
10034,2024-05-22,Alison Johnson,Print,Floral Pulse,1003.61,1,1003.61,CC,Repeat,25-34
10100,2024-05-22,Andrei Protsouk,Print,Pulse Horizon,649.7,1,649.7,CC,New,45-54
10281,2024-05-22,Mackenzie Thorpe,Original,Coastal in Blue,3895.91,1,3895.91,Bank Transfer,New,18-24
10293,2024-05-22,Amber Tyldesley,Print,Whispers Harmony,907.31,1,907.31,Cash,Repeat,25-34
10067,2024-05-24,Alexander Weaver,Sculpture (small),Urban Memory,3295.7,1,3295.7,CC,New,35-44
10223,2024-05-25,Alison Johnson,Print,Abstract Pulse,645.82,1,645.82,CC,Repeat,45-54
10273,2024-05-26,Benoit Havard,Sculpture (small),Liminal Reflections,3277.96,1,3277.96,CC,Repeat,25-34
10417,2024-05-28,Benoit Havard,Print,Sunset Pulse,1463.57,1,1463.57,CC,New,55+
10307,2024-05-30,Amber Tyldesley,Original,Sunset Horizon,5628.47,1,5628.47,CC,New,35-44
10366,2024-05-30,Mackenzie Thorpe,Original,Coastal Echo,3193.7,1,3193.7,CC,Repeat,45-54
10011,2024-05-31,Amber Tyldesley,Print,Floral Spaces,953.63,2,1907.26,Cash,New,45-54
10342,2024-06-01,Andrei Protsouk,Print,Coastal Pulse,752.28,1,752.28,CC,Repeat,Unknown
10136,2024-06-02,Linda Charles,Print,Urban Echo,1518.64,1,1518.64,CC,New,55+
10141,2024-06-02,Linda Charles,Original,Abstract in Blue,2525.83,1,2525.83,Cash,New,25-34
10370,2024-06-03,Mackenzie Thorpe,Print,Floral Reflections,1470.17,1,1470.17,CC,New,45-54
10392,2024-06-06,Alison Johnson,Print,Floral Memory,923.14,2,1846.28,Cash,Repeat,35-44
10376,2024-06-08,Amber Tyldesley,Print,Pulse Pulse,785.06,1,785.06,CC,New,35-44
10020,2024-06-09,Andrei Protsouk,Print,Geometric Reflections,1354.43,1,1354.43,CC,New,35-44
10217,2024-06-09,Jeff Rowland,Print,Coastal Flow,1236.43,1,1236.43,CC,New,45-54
10119,2024-06-10,Jeff Rowland,Print,Geometric Harmony,935.19,2,1870.38,CC,Repeat,35-44
10149,2024-06-10,Alexander Weaver,Print,Liminal Horizon,1385.89,2,2771.78,CC,New,55+
10283,2024-06-10,Kimberley Harris,Original,Geometric Pulse,4812.75,1,4812.75,Bank Transfer,New,55+
10344,2024-06-10,Kimberley Harris,Print,Pulse Dream,515.45,1,515.45,CC,Repeat,18-24
10384,2024-06-14,Alexander Weaver,Print,Sunset Pulse,911.97,1,911.97,CC,New,18-24
10262,2024-06-15,Henderson Cisz,Original,Urban Echo,1968.91,1,1968.91,Cash,New,35-44
10286,2024-06-18,Craig Alan,Print,Pulse Reflections,1129.19,1,1129.19,CC,New,45-54
10185,2024-06-21,Craig Alan,Print,Pulse in Blue,649.56,1,649.56,CC,New,25-34
10044,2024-06-22,Craig Alan,Print,Floral in Blue,1491.07,1,1491.07,CC,New,45-54
10329,2024-06-22,Kimberley Harris,Sculpture (small),Floral Harmony,2830.26,1,2830.26,CC,New,35-44
10349,2024-06-23,Rozanne Bell,Print,Geometric Flow,609.12,1,609.12,CC,Repeat,35-44
10358,2024-06-23,Craig Alan,Original,Abstract Echo,5285.61,1,5285.61,CC,Repeat,55+
10015,2024-06-24,Fabian Perez,Print,Equilibrium Echo,1056.82,1,1056.82,CC,Repeat,35-44
10246,2024-06-25,Henderson Cisz,Print,Abstract Horizon,1502.91,1,1502.91,Cash,New,55+
10133,2024-06-27,Amber Tyldesley,Print,Whispers in Blue,809.73,1,809.73,CC,New,45-54
10088,2024-06-30,Alexander Weaver,Print,Abstract Harmony,1088.34,1,1088.34,CC,New,35-44
10308,2024-06-30,Mackenzie Thorpe,Print,Urban Spaces,1527.03,1,1527.03,Cash,Repeat,35-44
10114,2024-07-02,Alexander Weaver,Print,Geometric in Blue,1089.64,2,2179.28,CC,New,25-34
10023,2024-07-04,Kimberley Harris,Print,Abstract Dream,984.9,1,984.9,CC,New,45-54
10043,2024-07-04,Mackenzie Thorpe,Original,Equilibrium Dream,5752.86,1,5752.86,CC,New,35-44
10387,2024-07-04,Alexander Weaver,Print,Whispers Dream,1170.59,1,1170.59,CC,Repeat,35-44
10082,2024-07-05,Alexander Weaver,Original,Floral Harmony,6067.91,1,6067.91,CC,Repeat,35-44
10107,2024-07-08,Fabian Perez,Original,Liminal in Blue,2384.48,1,2384.48,CC,New,Unknown
10403,2024-07-08,Kimberley Harris,Original,Sunset in Blue,4648.07,1,4648.07,CC,New,35-44
10124,2024-07-10,Linda Charles,Print,Abstract in Blue,747.02,1,747.02,CC,New,18-24
10299,2024-07-10,Rozanne Bell,Print,Equilibrium Spaces,1491.08,1,1491.08,CC,New,45-54
10385,2024-07-12,Henderson Cisz,Print,Floral Flow,636.39,2,1272.78,CC,New,45-54
10041,2024-07-13,Mackenzie Thorpe,Print,Pulse Spaces,1555.06,1,1555.06,CC,New,35-44
10148,2024-07-13,Rozanne Bell,Print,Liminal Echo,953.68,1,953.68,Cash,Repeat,45-54
10208,2024-07-13,Linda Charles,Original,Abstract Memory,4698.66,1,4698.66,CC,New,35-44
10251,2024-07-13,Mackenzie Thorpe,Print,Coastal Pulse,949.01,1,949.01,CC,Repeat,35-44
10229,2024-07-14,Amber Tyldesley,Print,Sunset Spaces,1394.45,2,2788.9,CC,New,18-24
10350,2024-07-16,Jeff Rowland,Print,Abstract Spaces,1373.08,1,1373.08,CC,Repeat,25-34
10079,2024-07-18,Kimberley Harris,Print,Coastal Dream,1145.69,1,1145.69,Cash,Repeat,25-34
10347,2024-07-21,Fabian Perez,Print,Abstract Harmony,575.68,1,575.68,Cash,New,45-54
10032,2024-07-23,Benoit Havard,Print,Abstract Spaces,925.81,1,925.81,Bank Transfer,New,25-34
10263,2024-07-23,Linda Charles,Original,Urban Harmony,2862.88,1,2862.88,CC,New,35-44
10180,2024-07-24,Amber Tyldesley,Print,Pulse Flow,1354.55,2,2709.1,CC,New,45-54
10399,2024-07-24,Craig Alan,Sculpture (small),Geometric Flow,3832.94,1,3832.94,CC,New,35-44
10257,2024-07-25,Mackenzie Thorpe,Print,Floral Flow,915.14,1,915.14,CC,New,18-24
10354,2024-07-25,Craig Alan,Sculpture (small),Liminal Dream,3810.94,1,3810.94,CC,New,35-44
10159,2024-07-27,Henderson Cisz,Print,Floral Pulse,1288.36,2,2576.72,CC,New,35-44
10260,2024-07-27,Mackenzie Thorpe,Print,Geometric Echo,974.53,1,974.53,CC,New,Unknown
10327,2024-07-29,Linda Charles,Print,Geometric Memory,1329.8,1,-450.75,CC,New,Unknown
10061,2024-08-02,Henderson Cisz,Print,Floral Dream,1382.99,1,1382.99,CC,New,25-34
10074,2024-08-02,Rozanne Bell,Print,Urban Reflections,1300.0,1,-450.75,CC,Repeat,18-24
10064,2024-08-04,Benoit Havard,Original,Abstract Harmony,4346.82,1,4346.82,CC,New,Unknown
10160,2024-08-04,Benoit Havard,Original,Floral Harmony,4639.84,1,4639.84,Cash,New,18-24
10211,2024-08-04,Craig Alan,Original,Floral in Blue,5333.98,1,5333.98,CC,Repeat,35-44
10234,2024-08-04,Kimberley Harris,Original,Coastal Echo,4164.74,1,4164.74,CC,New,25-34
10245,2024-08-04,Fabian Perez,Print,Liminal Spaces,1360.06,2,2720.12,CC,New,55+
10301,2024-08-04,Linda Charles,Original,Whispers Echo,2686.25,1,2686.25,CC,New,35-44
10345,2024-08-04,Rozanne Bell,Print,Pulse Horizon,769.1,1,769.1,CC,New,35-44
10258,2024-08-07,Alexander Weaver,Print,Pulse Memory,1291.13,1,1291.13,CC,New,45-54
10128,2024-08-08,Doug Hyde,Print,Pulse Echo,775.81,1,775.81,CC,Repeat,18-24
10042,2024-08-10,Amber Tyldesley,Print,Pulse Harmony,1551.22,1,1551.22,Bank Transfer,New,45-54
10058,2024-08-12,Linda Charles,Print,Coastal Reflections,707.87,1,707.87,CC,New,45-54
10099,2024-08-12,Jeff Rowland,Original,Coastal Harmony,5281.53,1,5281.53,CC,New,45-54
10284,2024-08-14,Alexander Weaver,Print,Equilibrium Pulse,1360.67,2,2721.34,CC,New,25-34
10113,2024-08-17,Alison Johnson,Print,Coastal in Blue,578.58,1,578.58,CC,New,25-34
10139,2024-08-17,Linda Charles,Original,Pulse Dream,4570.84,1,4570.84,CC,Repeat,18-24
10409,2024-08-19,Craig Alan,Original,Whispers in Blue,5455.6,1,5455.6,Bank Transfer,Repeat,35-44
10070,2024-08-20,Linda Charles,Print,Floral Pulse,1293.72,1,1293.72,CC,New,25-34
10095,2024-08-20,Alexander Weaver,Print,Abstract Horizon,751.09,1,751.09,Bank Transfer,Repeat,35-44
10333,2024-08-20,Amber Tyldesley,Print,Liminal Memory,1569.98,1,1569.98,CC,Repeat,35-44
10227,2024-08-22,Mackenzie Thorpe,Print,Sunset Spaces,1492.6,1,1492.6,CC,Repeat,45-54
10272,2024-08-22,Doug Hyde,Print,Floral Memory,605.35,1,605.35,CC,New,35-44
10335,2024-08-22,Jeff Rowland,Original,Urban Horizon,5166.34,1,5166.34,CC,New,Unknown
10040,2024-08-23,Andrei Protsouk,Print,Floral Echo,844.4,1,844.4,Bank Transfer,Repeat,Unknown
10172,2024-08-24,Andrei Protsouk,Original,Pulse Flow,2064.39,1,2064.39,CC,Repeat,45-54
10374,2024-08-24,Rozanne Bell,Print,Pulse Spaces,932.76,1,932.76,CC,Repeat,45-54
10278,2024-08-27,Benoit Havard,Original,Floral Horizon,3618.31,1,3618.31,CC,New,25-34
10112,2024-08-30,Andrei Protsouk,Print,Urban Spaces,593.62,1,593.62,Bank Transfer,Repeat,18-24
10193,2024-08-30,Alexander Weaver,Original,Coastal Echo,5645.94,1,5645.94,CC,New,Unknown
10249,2024-08-31,Andrei Protsouk,Print,Equilibrium Pulse,1087.1,2,2174.2,CC,New,25-34
10252,2024-09-01,Rozanne Bell,Print,Equilibrium Flow,988.26,1,988.26,CC,New,35-44
10092,2024-09-03,Doug Hyde,Original,Urban Flow,3565.31,1,3565.31,Cash,New,55+
10226,2024-09-05,Mackenzie Thorpe,Print,Pulse Memory,804.98,2,1609.96,CC,Repeat,35-44
10233,2024-09-05,Doug Hyde,Original,Liminal Pulse,5283.15,1,5283.15,CC,New,35-44
10324,2024-09-05,Craig Alan,Sculpture (small),Liminal Flow,2208.28,1,2208.28,CC,New,45-54
10108,2024-09-06,Fabian Perez,Print,Whispers Flow,576.03,1,576.03,CC,New,45-54
10102,2024-09-07,Linda Charles,Print,Liminal Spaces,876.77,1,876.77,Cash,New,45-54
10198,2024-09-07,Linda Charles,Original,Sunset Pulse,5402.26,1,5402.26,CC,Repeat,55+
10068,2024-09-09,Jeff Rowland,Print,Coastal Memory,1074.62,1,1074.62,CC,New,25-34
10200,2024-09-12,Rozanne Bell,Print,Whispers Echo,1485.84,1,1485.84,Cash,New,25-34
10287,2024-09-13,Doug Hyde,Print,Whispers in Blue,1219.32,1,1219.32,CC,Repeat,25-34
10188,2024-09-14,Amber Tyldesley,Print,Coastal Memory,973.97,1,973.97,CC,Repeat,25-34
10285,2024-09-15,Nigel Cooke,Print,Sunset Memory,1490.55,1,1490.55,Bank Transfer,New,35-44
10401,2024-09-15,Nigel Cooke,Print,Floral Memory,582.46,1,582.46,Bank Transfer,New,35-44
10054,2024-09-16,Doug Hyde,Original,Abstract in Blue,4746.96,1,4746.96,CC,New,25-34
10276,2024-09-16,Alexander Weaver,Original,Whispers Flow,3281.97,1,3281.97,Cash,New,35-44
10355,2024-09-16,Alexander Weaver,Print,Geometric Pulse,1151.29,2,2302.58,CC,New,45-54
10311,2024-09-17,Doug Hyde,Original,Liminal Reflections,3581.76,1,3581.76,CC,New,35-44
10322,2024-09-17,Linda Charles,Print,Whispers Harmony,515.96,1,515.96,CC,Repeat,45-54
10363,2024-09-20,Alison Johnson,Original,Liminal Pulse,4486.65,1,4486.65,Cash,New,35-44
10237,2024-09-21,Nigel Cooke,Print,Floral Flow,1274.19,1,1274.19,CC,Repeat,35-44
10021,2024-09-24,Craig Alan,Original,Geometric Horizon,2285.83,1,2285.83,CC,Repeat,45-54
10157,2024-09-27,Henderson Cisz,Original,Coastal Reflections,3642.52,1,3642.52,CC,New,35-44
10176,2024-09-27,Andrei Protsouk,Print,Pulse Flow,1357.45,1,1357.45,Cash,New,55+
10290,2024-09-27,Jeff Rowland,Print,Urban Spaces,608.64,1,608.64,CC,New,18-24
10244,2024-09-28,Linda Charles,Print,Coastal Flow,600.3,1,600.3,Cash,New,Unknown
10416,2024-09-28,Henderson Cisz,Original,Coastal Spaces,5300.29,1,5300.29,CC,New,45-54
10365,2024-09-29,Craig Alan,Print,Whispers Pulse,1556.9,1,1556.9,CC,New,45-54
10027,2024-09-30,Rozanne Bell,Original,Pulse Echo,5469.26,1,5469.26,Bank Transfer,New,18-24
10077,2024-10-01,Doug Hyde,Print,Geometric Echo,735.36,1,735.36,CC,New,45-54
10309,2024-10-01,Linda Charles,Print,Geometric Dream,1013.07,1,1013.07,CC,New,25-34
10231,2024-10-02,Fabian Perez,Original,Floral in Blue,3430.4,-1,3430.4,CC,New,45-54
10379,2024-10-02,Kimberley Harris,Print,Abstract Spaces,625.96,1,625.96,CC,New,55+
10025,2024-10-03,Amber Tyldesley,Sculpture (small),Floral Flow,3352.26,1,3352.26,CC,New,35-44
10158,2024-10-03,Doug Hyde,Original,Geometric Dream,3306.34,1,3306.34,CC,New,Unknown
10186,2024-10-03,Nigel Cooke,Print,Coastal Pulse,945.44,1,945.44,CC,New,45-54
10294,2024-10-03,Benoit Havard,Original,Coastal Dream,4484.81,1,4484.81,CC,Repeat,35-44
10292,2024-10-04,Nigel Cooke,Print,Sunset Horizon,635.49,1,635.49,CC,New,35-44
10174,2024-10-05,Mackenzie Thorpe,Original,Whispers Pulse,5957.64,1,5957.64,CC,New,18-24
10075,2024-10-06,Benoit Havard,Print,Abstract Echo,860.45,1,860.45,CC,New,45-54
10104,2024-10-06,Craig Alan,Original,Pulse Flow,5957.58,1,5957.58,CC,Repeat,45-54
10036,2024-10-08,Linda Charles,Print,Coastal Horizon,1253.13,1,1253.13,CC,Repeat,18-24
10210,2024-10-08,Fabian Perez,Original,Sunset in Blue,3359.29,1,3359.29,Bank Transfer,Repeat,45-54
10183,2024-10-09,Rozanne Bell,Print,Pulse Horizon,813.12,1,813.12,CC,New,35-44
10029,2024-10-10,Linda Charles,Print,Floral in Blue,1570.84,1,1570.84,CC,Repeat,45-54
10076,2024-10-10,Benoit Havard,Print,Equilibrium Pulse,587.45,1,587.45,CC,Repeat,35-44
10156,2024-10-10,Nigel Cooke,Print,Pulse Reflections,675.4,2,1350.8,CC,New,18-24
10412,2024-10-10,Benoit Havard,Original,Liminal Reflections,3155.27,1,3155.27,CC,New,25-34
10239,2024-10-11,Doug Hyde,Print,Pulse Memory,553.89,1,553.89,CC,Repeat,25-34
10126,2024-10-12,Henderson Cisz,Print,Urban Spaces,1233.85,1,1233.85,Cash,Repeat,18-24
10274,2024-10-14,Mackenzie Thorpe,Print,Equilibrium Flow,1018.43,1,1018.43,CC,New,45-54
10394,2024-10-14,Alexander Weaver,Print,Geometric Spaces,1244.17,1,1244.17,CC,Repeat,35-44
10016,2024-10-15,Linda Charles,Print,Floral Harmony,745.07,2,1490.14,CC,New,25-34
10388,2024-10-16,Andrei Protsouk,Print,Abstract Flow,892.69,1,892.69,Cash,Repeat,35-44
10248,2024-10-17,Alison Johnson,Print,Floral Flow,1047.59,1,1047.59,CC,Repeat,45-54
10326,2024-10-18,Andrei Protsouk,Print,Geometric Pulse,1102.22,1,1102.22,CC,New,25-34
10206,2024-10-19,Craig Alan,Sculpture (small),Sunset Memory,2977.02,-1,2977.02,Cash,New,45-54
10094,2024-10-22,Rozanne Bell,Original,Abstract Harmony,3205.36,1,3205.36,CC,Repeat,35-44
10340,2024-10-22,Henderson Cisz,Print,Sunset Pulse,1289.59,1,1289.59,Cash,New,35-44
10381,2024-10-23,Fabian Perez,Print,Urban in Blue,834.31,1,834.31,CC,New,35-44
10386,2024-10-23,Kimberley Harris,Print,Geometric in Blue,1175.64,2,2351.28,Cash,New,18-24
10267,2024-10-25,Craig Alan,Print,Geometric Memory,1115.08,2,2230.16,CC,New,45-54
10313,2024-10-25,Doug Hyde,Print,Abstract Echo,1198.38,1,1198.38,Bank Transfer,New,35-44
10063,2024-10-26,Henderson Cisz,Print,Whispers Flow,809.2,1,809.2,Cash,New,35-44
10121,2024-10-26,Rozanne Bell,Print,Whispers Reflections,1277.33,1,1277.33,CC,New,25-34
10053,2024-10-28,Andrei Protsouk,Original,Urban Flow,4257.88,1,4257.88,CC,Repeat,45-54
10097,2024-10-28,Doug Hyde,Original,Whispers Harmony,3088.88,1,3088.88,Bank Transfer,New,35-44
10255,2024-10-28,Andrei Protsouk,Original,Equilibrium Flow,2742.14,1,2742.14,CC,New,45-54
10049,2024-10-29,Rozanne Bell,Print,Sunset Reflections,778.2,-1,1556.4,Bank Transfer,Repeat,45-54
10371,2024-10-31,Linda Charles,Original,Whispers Memory,5414.52,1,5414.52,CC,Repeat,25-34
10048,2024-11-01,Alison Johnson,Print,Floral Flow,1103.46,1,1103.46,CC,Repeat,18-24
10218,2024-11-01,Nigel Cooke,Print,Liminal Flow,723.13,1,723.13,CC,New,25-34
10184,2024-11-02,Benoit Havard,Print,Sunset Spaces,757.95,-1,757.95,Cash,New,Unknown
10364,2024-11-04,Mackenzie Thorpe,Original,Geometric Echo,2665.6,1,2665.6,CC,New,35-44
10137,2024-11-05,Fabian Perez,Print,Whispers in Blue,1272.99,2,2545.98,CC,New,Unknown
10189,2024-11-05,Mackenzie Thorpe,Original,Liminal Horizon,4491.22,1,4491.22,CC,New,18-24
10352,2024-11-06,Henderson Cisz,Print,Coastal Echo,1291.37,1,1291.37,CC,New,35-44
10162,2024-11-07,Mackenzie Thorpe,Print,Whispers Echo,1340.17,1,1340.17,CC,Repeat,45-54
10194,2024-11-07,Rozanne Bell,Print,Sunset Echo,940.13,1,940.13,Cash,Repeat,45-54
10348,2024-11-09,Rozanne Bell,Print,Whispers Memory,1431.82,1,1431.82,CC,Repeat,45-54
10406,2024-11-12,Alexander Weaver,Print,Equilibrium in Blue,1355.25,1,1355.25,Cash,New,35-44
10207,2024-11-13,Alexander Weaver,Print,Abstract Pulse,1189.53,1,1189.53,CC,New,25-34
10145,2024-11-14,Alexander Weaver,Print,Geometric Harmony,897.88,1,897.88,CC,New,25-34
10351,2024-11-16,Nigel Cooke,Print,Whispers Horizon,710.87,2,1421.74,CC,Repeat,Unknown
10247,2024-11-17,Mackenzie Thorpe,Print,Pulse Reflections,1294.54,1,1294.54,CC,New,45-54
10369,2024-11-17,Jeff Rowland,Print,Urban in Blue,1045.86,2,2091.72,CC,Repeat,35-44
10264,2024-11-19,Nigel Cooke,Original,Coastal in Blue,3132.97,1,3132.97,Cash,Repeat,45-54
10212,2024-11-20,Benoit Havard,Print,Floral Pulse,596.54,-1,596.54,Bank Transfer,New,18-24
10225,2024-11-20,Craig Alan,Original,Urban Horizon,4001.78,1,4001.78,CC,New,45-54
10197,2024-11-21,Linda Charles,Print,Coastal Pulse,1251.8,1,-450.75,Cash,Repeat,45-54
10280,2024-11-21,Jeff Rowland,Original,Coastal in Blue,3445.94,1,3445.94,CC,Repeat,45-54
10007,2024-11-23,Fabian Perez,Print,Whispers Echo,1069.31,1,1069.31,Bank Transfer,New,45-54
10319,2024-11-23,Doug Hyde,Original,Coastal Dream,4352.94,1,4352.94,Cash,New,35-44
10419,2024-11-23,Mackenzie Thorpe,Print,Liminal Horizon,530.54,1,530.54,CC,New,35-44
10291,2024-11-24,Kimberley Harris,Print,Whispers Pulse,890.64,1,890.64,CC,New,45-54
10356,2024-11-25,Fabian Perez,Print,Floral Echo,950.98,1,950.98,CC,New,18-24
10318,2024-11-26,Jeff Rowland,Print,Urban Pulse,663.98,2,1327.96,Cash,New,35-44
10410,2024-11-26,Alison Johnson,Original,Coastal Pulse,4052.54,1,4052.54,CC,New,45-54
10378,2024-11-27,Mackenzie Thorpe,Print,Sunset Dream,1251.57,-1,1251.57,CC,Repeat,45-54
10085,2024-11-28,Benoit Havard,Print,Geometric Pulse,1341.9,2,2683.8,CC,New,35-44
10268,2024-11-28,Henderson Cisz,Print,Equilibrium Flow,1359.45,1,1359.45,CC,Repeat,18-24
10173,2024-11-29,Rozanne Bell,Print,Pulse Dream,1279.93,1,1279.93,CC,Repeat,35-44
10037,2024-11-30,Rozanne Bell,Original,Equilibrium Spaces,2301.42,1,2301.42,Cash,New,35-44
10289,2024-11-30,Benoit Havard,Sculpture (small),Urban Horizon,2068.0,1,2068.0,CC,New,45-54
10154,2024-12-01,Alexander Weaver,Print,Equilibrium Pulse,1244.82,1,1244.82,Cash,Repeat,45-54
10240,2024-12-02,Jeff Rowland,Original,Whispers Spaces,2139.9,1,2139.9,CC,Repeat,35-44
10101,2024-12-03,Kimberley Harris,Original,Floral Horizon,3605.89,1,3605.89,CC,New,25-34
10204,2024-12-03,Nigel Cooke,Original,Floral Flow,2656.94,1,2656.94,CC,Repeat,25-34
10065,2024-12-04,Amber Tyldesley,Print,Coastal Dream,1103.37,1,1103.37,Bank Transfer,New,35-44
10328,2024-12-04,Henderson Cisz,Print,Sunset in Blue,1024.84,1,1024.84,CC,Repeat,Unknown
10418,2024-12-05,Benoit Havard,Original,Equilibrium Dream,5189.58,1,5189.58,CC,New,18-24
10315,2024-12-07,Fabian Perez,Original,Geometric Dream,4039.83,1,4039.83,CC,New,25-34
10266,2024-12-08,Amber Tyldesley,Print,Liminal Flow,1355.61,1,1355.61,CC,New,55+
10269,2024-12-08,Kimberley Harris,Sculpture (small),Floral Flow,2903.29,1,2903.29,Bank Transfer,New,35-44
10003,2024-12-09,Amber Tyldesley,Print,Liminal Flow,1065.43,1,1065.43,CC,Repeat,45-54
10125,2024-12-09,Alison Johnson,Print,Sunset Harmony,1053.21,1,1053.21,Cash,New,45-54
10380,2024-12-09,Alexander Weaver,Original,Sunset Memory,2571.53,1,2571.53,CC,Repeat,18-24
10039,2024-12-10,Fabian Perez,Print,Sunset Dream,1189.4,1,1189.4,CC,New,18-24
10230,2024-12-11,Alexander Weaver,Original,Urban Echo,5053.14,1,5053.14,CC,Repeat,25-34
10111,2024-12-12,Amber Tyldesley,Original,Abstract in Blue,4127.87,1,4127.87,Cash,New,Unknown
10110,2024-12-14,Amber Tyldesley,Print,Sunset Echo,1092.68,1,1092.68,Cash,Repeat,45-54
10192,2024-12-14,Henderson Cisz,Original,Floral Echo,5874.86,1,5874.86,CC,New,25-34
10228,2024-12-15,Alexander Weaver,Print,Whispers Memory,574.44,1,574.44,CC,Repeat,Unknown
10414,2024-12-15,Craig Alan,Print,Geometric Harmony,623.65,2,1247.3,Cash,New,25-34
10353,2024-12-16,Alison Johnson,Print,Whispers in Blue,1238.05,2,2476.1,Bank Transfer,Repeat,45-54
10035,2024-12-17,Craig Alan,Original,Coastal Spaces,4656.18,1,4656.18,Cash,New,45-54
10117,2024-12-18,Andrei Protsouk,Original,Coastal Dream,5620.8,1,5620.8,CC,New,55+
10382,2024-12-19,Henderson Cisz,Print,Sunset Horizon,752.31,1,752.31,Bank Transfer,Repeat,35-44
10109,2024-12-22,Rozanne Bell,Print,Abstract in Blue,954.08,1,954.08,Bank Transfer,New,18-24
10047,2024-12-23,Kimberley Harris,Print,Floral Echo,1241.52,1,1241.52,CC,New,35-44
10031,2024-12-25,Kimberley Harris,Sculpture (small),Pulse Echo,1488.72,1,1488.72,CC,Repeat,Unknown
10368,2024-12-25,Alison Johnson,Print,Sunset Dream,1527.64,1,1527.64,CC,New,55+
10202,2024-12-26,Kimberley Harris,Print,Equilibrium Pulse,753.05,1,753.05,CC,New,45-54
10312,2024-12-26,Nigel Cooke,Print,Equilibrium Spaces,1097.74,1,1097.74,CC,New,25-34
10033,2024-12-28,Kimberley Harris,Print,Urban Echo,894.89,1,894.89,CC,Repeat,25-34
10372,2024-12-31,Alexander Weaver,Print,Liminal Flow,629.15,1,629.15,CC,New,45-54
10420,2025-07-05,Linda Charles,Original,Pulse in Blue,4611.26,1,4611.26,CC,New,45-54
10271,2025-09-03,Mackenzie Thorpe,Print,Liminal Flow,696.78,1,696.78,Bank Transfer,New,55+
10103,2025-09-21,Henderson Cisz,Sculpture (small),Urban Spaces,1656.26,1,1656.26,CC,Repeat,45-54
10135,2025-09-21,Nigel Cooke,Original,Equilibrium Spaces,3484.78,1,3484.78,CC,New,25-34
10362,2025-11-27,Benoit Havard,Print,Coastal in Blue,1065.51,1,1065.51,CC,New,45-54
10375,2025-12-11,Linda Charles,Print,Urban Memory,545.21,1,545.21,CC,New,35-44
10219,2026-01-03,Doug Hyde,Print,Urban Dream,891.53,1,891.53,CC,Repeat,45-54
10317,2026-02-07,Doug Hyde,Print,Geometric Echo,968.24,1,968.24,Cash,New,55+
10215,2026-02-23,Henderson Cisz,Print,Whispers Echo,1301.54,1,1301.54,CC,New,25-34
10010,2026-03-09,Amber Tyldesley,Print,Sunset Flow,1247.64,1,1247.64,CC,New,18-24
